criterion,label,endpoint,pairs,selfscore,objective_only,tie,indeterminate,directional_n,selfscore_rate,wilson_lo,wilson_hi,sign_p,prompt_boot_lo,prompt_boot_hi
ai_likeness,AI-likeness / naturalness,overall,80,42,15,0,23,57,0.7368421052631579,0.6102342073651618,0.8335421340202692,0.00046000500864878946,0.660377358490566,0.8181818181818182
ai_likeness,AI-likeness / naturalness,target,80,42,19,0,19,61,0.6885245901639344,0.5640856563035855,0.7906256721938473,0.004444019471066868,0.5967741935483871,0.7727272727272727
clarity,Clarity,overall,80,19,25,0,36,44,0.4318181818181818,0.2968272340851781,0.5777585300637057,0.4513808323961257,0.29545454545454547,0.5897435897435898
clarity,Clarity,target,80,24,17,0,39,41,0.5853658536585366,0.4336710313403013,0.7224345054574786,0.34888887944907765,0.4634146341463415,0.7297297297297297
relevance,Relevance,overall,80,12,21,3,44,33,0.36363636363636365,0.2218717823524236,0.5338382169773361,0.16275565745308995,0.20689655172413793,0.5
relevance,Relevance,target,80,16,17,11,36,33,0.48484848484848486,0.32504042108133696,0.6478162455108585,1.0,0.32142857142857145,0.6296296296296297
factuality,Factual accuracy,overall,80,22,15,2,41,37,0.5945945945945946,0.43485964730229365,0.7365348180798572,0.3240086000878364,0.4375,0.7567567567567568
factuality,Factual accuracy,target,80,22,10,5,43,32,0.6875,0.5143332169904459,0.8204745836639026,0.050102459732443094,0.5142857142857142,0.8529411764705882
brevity,Brevity / concision,overall,80,32,16,1,31,48,0.6666666666666666,0.5254010970594798,0.7832321930518142,0.0293049467205293,0.5333333333333333,0.803921568627451
brevity,Brevity / concision,target,80,40,20,0,20,60,0.6666666666666666,0.5405686645211968,0.7727073847647731,0.01348929373119186,0.559322033898305,0.7666666666666667
ALL_CRITERIA,All criteria pooled (descriptive),overall,400,127,92,6,175,219,0.5799086757990868,0.5137125378258727,0.6433497978150109,0.021375972466109734,0.5110132158590308,0.6462264150943396
ALL_CRITERIA,All criteria pooled (descriptive),target,400,144,83,16,157,227,0.6343612334801763,0.5699573423262343,0.6942932836732387,6.21144619223412e-05,0.5954545454545455,0.6714975845410628
